OrderId,ProductId,ProductName,Quantity,UnitPrice,Discount,LineTotal
1,57,Food & Beverage Item 57,2,318.6,0,637.2
1,93,Electronics Item 93,8,97.17,0,777.36
1,188,Sports Item 188,2,379.36,0.2,606.98
1,58,Books Item 58,4,56.15,0,224.6
2,19,Clothing Item 19,6,109.56,0,657.36
2,89,Automotive Item 89,5,171.49,0,857.45
2,17,Automotive Item 17,8,143.85,0,1150.8
3,164,Books Item 164,7,100.96,0,706.72
4,116,Office Supplies Item 116,1,186.84,0,186.84
4,85,Books Item 85,6,75.64,0,453.84
5,81,Toys Item 81,1,449.5,0,449.5
5,28,Toys Item 28,7,348.43,0,2439.01
5,123,Electronics Item 123,3,176.63,0,529.89
5,140,Food & Beverage Item 140,8,345.84,0,2766.72
5,74,Health Item 74,1,432.11,0,432.11
6,156,Home & Garden Item 156,9,403.93,0,3635.37
6,68,Sports Item 68,9,81.56,0,734.04
6,99,Sports Item 99,4,299.61,0,1198.44
7,92,Home & Garden Item 92,5,336.57,0.23,1295.79
7,141,Health Item 141,4,40.42,0.15,137.43
7,53,Books Item 53,3,482.01,0,1446.03
7,2,Toys Item 2,3,193.58,0,580.74
7,46,Electronics Item 46,2,23.99,0.23,36.94
8,90,Home & Garden Item 90,3,430.3,0.08,1187.63
8,64,Office Supplies Item 64,5,392.22,0,1961.1
8,111,Electronics Item 111,5,383.74,0,1918.7
8,102,Home & Garden Item 102,7,225.48,0,1578.36
8,161,Home & Garden Item 161,4,95.69,0,382.76
9,72,Health Item 72,6,60.15,0,360.9
9,147,Health Item 147,2,387.6,0,775.2
9,94,Food & Beverage Item 94,1,171.94,0,171.94
9,173,Health Item 173,1,382.4,0.08,351.81
10,144,Home & Garden Item 144,4,157.24,0.07,584.93
10,184,Health Item 184,7,399.59,0,2797.13
10,71,Toys Item 71,3,457.03,0.12,1206.56
10,55,Health Item 55,5,100.93,0,504.65
10,106,Books Item 106,3,292.6,0,877.8
11,110,Food & Beverage Item 110,3,493.33,0.2,1183.99
11,28,Toys Item 28,8,348.43,0.06,2620.19
11,77,Toys Item 77,7,63.51,0,444.57
11,41,Sports Item 41,8,61.19,0,489.52
11,40,Health Item 40,8,128.79,0.18,844.86
12,124,Food & Beverage Item 124,1,99.95,0,99.95
12,86,Home & Garden Item 86,8,196.16,0,1569.28
12,150,Health Item 150,5,221.4,0,1107
12,110,Food & Beverage Item 110,7,493.33,0,3453.31
12,129,Health Item 129,2,287.67,0,575.34
13,19,Clothing Item 19,3,109.56,0.24,249.8
13,193,Office Supplies Item 193,7,197.43,0.08,1271.45
13,114,Health Item 114,6,266.8,0.24,1216.61
14,101,Clothing Item 101,1,480.08,0,480.08
14,40,Health Item 40,4,128.79,0,515.16
14,164,Books Item 164,6,100.96,0,605.76
14,19,Clothing Item 19,8,109.56,0,876.48
15,5,Home & Garden Item 5,3,148.36,0.25,333.81
15,15,Sports Item 15,6,234.51,0,1407.06
15,140,Food & Beverage Item 140,7,345.84,0,2420.88
16,150,Health Item 150,9,221.4,0,1992.6
17,88,Health Item 88,4,265.04,0,1060.16
17,132,Sports Item 132,4,293.99,0,1175.96
18,152,Food & Beverage Item 152,2,249.91,0.18,409.85
18,160,Office Supplies Item 160,5,186.49,0,932.45
18,169,Food & Beverage Item 169,2,154.78,0.12,272.41
18,52,Health Item 52,4,185.79,0,743.16
19,61,Electronics Item 61,9,369.51,0,3325.59
19,73,Health Item 73,5,183.38,0,916.9
20,154,Electronics Item 154,4,345.83,0.18,1134.32
20,45,Food & Beverage Item 45,1,91.53,0,91.53
20,55,Health Item 55,7,100.93,0.07,657.05
20,82,Office Supplies Item 82,1,440.55,0,440.55
21,123,Electronics Item 123,3,176.63,0.08,487.5
21,179,Electronics Item 179,5,398.71,0,1993.55
22,168,Automotive Item 168,1,426.13,0.18,349.43
23,108,Clothing Item 108,6,80.5,0.09,439.53
23,181,Toys Item 181,4,37.74,0.16,126.81
23,162,Electronics Item 162,9,438.12,0,3943.08
23,13,Home & Garden Item 13,2,319.07,0.21,504.13
24,154,Electronics Item 154,1,345.83,0.21,273.21
24,86,Home & Garden Item 86,1,196.16,0.05,186.35
24,20,Toys Item 20,9,292.96,0.05,2504.81
24,162,Electronics Item 162,8,438.12,0,3504.96
25,10,Home & Garden Item 10,1,258.86,0,258.86
25,46,Electronics Item 46,5,23.99,0.06,112.75
25,56,Toys Item 56,4,371.64,0,1486.56
26,110,Food & Beverage Item 110,8,493.33,0,3946.64
26,35,Automotive Item 35,9,357.35,0.25,2412.11
26,160,Office Supplies Item 160,4,186.49,0.19,604.23
27,30,Clothing Item 30,2,234.24,0,468.48
28,63,Automotive Item 63,7,440.27,0,3081.89
28,120,Electronics Item 120,9,123.67,0.22,868.16
28,82,Office Supplies Item 82,1,440.55,0,440.55
28,25,Food & Beverage Item 25,6,72.28,0.2,346.94
28,160,Office Supplies Item 160,8,186.49,0,1491.92
29,87,Automotive Item 87,7,389.46,0.14,2344.55
29,190,Automotive Item 190,5,263.28,0,1316.4
29,24,Sports Item 24,9,26.08,0.15,199.51
30,57,Food & Beverage Item 57,1,318.6,0.16,267.62
31,43,Health Item 43,6,241.47,0.15,1231.5
32,1,Food & Beverage Item 1,6,67.13,0.1,362.5
32,33,Home & Garden Item 33,1,29.84,0,29.84
33,180,Books Item 180,7,396.04,0,2772.28
33,22,Toys Item 22,9,196.61,0.11,1574.85
34,151,Books Item 151,2,310.06,0,620.12
34,126,Food & Beverage Item 126,7,81.95,0,573.65
34,15,Sports Item 15,9,234.51,0,2110.59
34,92,Home & Garden Item 92,2,336.57,0,673.14
34,148,Home & Garden Item 148,1,62.52,0,62.52
35,178,Automotive Item 178,3,152.37,0,457.11
35,56,Toys Item 56,9,371.64,0,3344.76
35,169,Food & Beverage Item 169,7,154.78,0,1083.46
35,2,Toys Item 2,2,193.58,0,387.16
36,195,Electronics Item 195,9,498.45,0,4486.05
36,191,Food & Beverage Item 191,9,102.63,0,923.67
37,132,Sports Item 132,2,293.99,0.17,488.02
37,12,Clothing Item 12,5,165.3,0,826.5
38,137,Clothing Item 137,4,57.25,0.18,187.78
39,134,Automotive Item 134,7,89.01,0,623.07
39,134,Automotive Item 134,7,89.01,0,623.07
40,119,Office Supplies Item 119,7,190.09,0,1330.63
41,107,Electronics Item 107,8,261.71,0,2093.68
41,116,Office Supplies Item 116,9,186.84,0,1681.56
42,84,Sports Item 84,3,160.77,0,482.31
43,88,Health Item 88,6,265.04,0.13,1383.51
44,156,Home & Garden Item 156,9,403.93,0,3635.37
44,83,Toys Item 83,7,282.57,0,1977.99
44,167,Food & Beverage Item 167,8,33.53,0,268.24
44,40,Health Item 40,9,128.79,0.21,915.7
45,101,Clothing Item 101,9,480.08,0,4320.72
46,72,Health Item 72,9,60.15,0,541.35
46,108,Clothing Item 108,7,80.5,0,563.5
46,108,Clothing Item 108,3,80.5,0,241.5
46,112,Office Supplies Item 112,6,274.23,0.22,1283.4
46,92,Home & Garden Item 92,3,336.57,0.22,787.57
47,173,Health Item 173,4,382.4,0,1529.6
47,45,Food & Beverage Item 45,7,91.53,0,640.71
48,8,Food & Beverage Item 8,5,189.52,0.11,843.36
49,172,Toys Item 172,8,394.36,0.24,2397.71
50,35,Automotive Item 35,3,357.35,0,1072.05
50,23,Home & Garden Item 23,3,14.22,0.09,38.82
51,73,Health Item 73,6,183.38,0,1100.28
51,93,Electronics Item 93,4,97.17,0.18,318.72
51,96,Toys Item 96,4,99.8,0,399.2
51,94,Food & Beverage Item 94,3,171.94,0,515.82
51,17,Automotive Item 17,1,143.85,0,143.85
52,59,Books Item 59,3,405.41,0,1216.23
52,86,Home & Garden Item 86,3,196.16,0.21,464.9
53,95,Food & Beverage Item 95,1,106.79,0,106.79
53,143,Office Supplies Item 143,7,181.2,0,1268.4
54,55,Health Item 55,4,100.93,0.06,379.5
54,72,Health Item 72,3,60.15,0,180.45
54,39,Office Supplies Item 39,7,482.39,0,3376.73
54,85,Books Item 85,3,75.64,0,226.92
55,160,Office Supplies Item 160,9,186.49,0,1678.41
55,35,Automotive Item 35,1,357.35,0,357.35
55,130,Home & Garden Item 130,3,319.16,0.11,852.16
55,169,Food & Beverage Item 169,8,154.78,0.14,1064.89
55,183,Automotive Item 183,6,372.55,0,2235.3
56,83,Toys Item 83,4,282.57,0,1130.28
56,85,Books Item 85,5,75.64,0,378.2
56,13,Home & Garden Item 13,1,319.07,0,319.07
57,116,Office Supplies Item 116,5,186.84,0,934.2
57,85,Books Item 85,4,75.64,0,302.56
57,44,Home & Garden Item 44,9,192.13,0,1729.17
57,32,Clothing Item 32,8,328.17,0,2625.36
57,122,Food & Beverage Item 122,5,144.07,0.07,669.93
58,163,Electronics Item 163,3,264.47,0,793.41
58,84,Sports Item 84,8,160.77,0,1286.16
58,195,Electronics Item 195,9,498.45,0,4486.05
58,71,Toys Item 71,7,457.03,0.19,2591.36
59,36,Toys Item 36,5,459.46,0.05,2182.43
59,40,Health Item 40,6,128.79,0.18,633.65
59,45,Food & Beverage Item 45,7,91.53,0.25,480.53
60,156,Home & Garden Item 156,2,403.93,0,807.86
61,132,Sports Item 132,8,293.99,0,2351.92
61,111,Electronics Item 111,2,383.74,0,767.48
61,63,Automotive Item 63,2,440.27,0,880.54
61,44,Home & Garden Item 44,2,192.13,0,384.26
62,75,Toys Item 75,9,323.96,0,2915.64
62,100,Office Supplies Item 100,4,215.87,0.12,759.86
62,43,Health Item 43,7,241.47,0,1690.29
62,60,Toys Item 60,1,23.24,0.11,20.68
62,9,Electronics Item 9,6,479.05,0,2874.3
63,117,Books Item 117,8,93.8,0.23,577.81
63,55,Health Item 55,7,100.93,0,706.51
63,190,Automotive Item 190,9,263.28,0,2369.52
63,85,Books Item 85,7,75.64,0,529.48
63,69,Electronics Item 69,1,119.16,0.21,94.14
64,52,Health Item 52,2,185.79,0.17,308.41
64,65,Food & Beverage Item 65,5,360.85,0,1804.25
65,188,Sports Item 188,9,379.36,0,3414.24
65,70,Home & Garden Item 70,2,130.6,0,261.2
65,179,Electronics Item 179,3,398.71,0,1196.13
66,37,Toys Item 37,4,20.16,0,80.64
66,185,Home & Garden Item 185,6,142.48,0.18,701
66,83,Toys Item 83,6,282.57,0,1695.42
66,156,Home & Garden Item 156,4,403.93,0,1615.72
67,62,Home & Garden Item 62,1,21.46,0.13,18.67
67,186,Home & Garden Item 186,4,154.51,0,618.04
68,103,Health Item 103,5,359.05,0.21,1418.25
68,159,Automotive Item 159,3,21.17,0,63.51
68,145,Clothing Item 145,7,49,0.16,288.12
68,122,Food & Beverage Item 122,9,144.07,0.07,1205.87
68,184,Health Item 184,6,399.59,0,2397.54
69,38,Sports Item 38,5,490.3,0,2451.5
69,158,Toys Item 158,8,167.03,0,1336.24
69,93,Electronics Item 93,9,97.17,0,874.53
69,3,Automotive Item 3,1,26.85,0,26.85
70,65,Food & Beverage Item 65,4,360.85,0,1443.4
70,166,Clothing Item 166,3,18.3,0,54.9
70,109,Electronics Item 109,3,183.52,0,550.56
70,193,Office Supplies Item 193,2,197.43,0,394.86
70,121,Office Supplies Item 121,2,201.73,0.07,375.22
71,51,Health Item 51,1,85.4,0,85.4
72,143,Office Supplies Item 143,4,181.2,0,724.8
72,175,Home & Garden Item 175,6,51.94,0.22,243.08
72,67,Office Supplies Item 67,7,250.94,0,1756.58
73,61,Electronics Item 61,3,369.51,0.11,986.59
73,35,Automotive Item 35,3,357.35,0.2,857.64
73,84,Sports Item 84,8,160.77,0,1286.16
73,81,Toys Item 81,1,449.5,0,449.5
74,19,Clothing Item 19,2,109.56,0,219.12
74,162,Electronics Item 162,5,438.12,0.15,1862.01
75,161,Home & Garden Item 161,6,95.69,0,574.14
75,42,Sports Item 42,2,480.22,0,960.44
75,184,Health Item 184,7,399.59,0,2797.13
75,97,Office Supplies Item 97,4,73.52,0,294.08
75,60,Toys Item 60,7,23.24,0.17,135.02
76,94,Food & Beverage Item 94,7,171.94,0.16,1011.01
76,177,Food & Beverage Item 177,1,58.66,0.21,46.34
77,88,Health Item 88,5,265.04,0,1325.2
77,33,Home & Garden Item 33,3,29.84,0,89.52
77,181,Toys Item 181,8,37.74,0,301.92
78,135,Automotive Item 135,4,413.78,0,1655.12
78,104,Electronics Item 104,9,381.81,0.06,3230.11
78,144,Home & Garden Item 144,8,157.24,0,1257.92
78,125,Books Item 125,5,48.38,0,241.9
79,194,Office Supplies Item 194,9,269.71,0.21,1917.64
79,84,Sports Item 84,7,160.77,0.1,1012.85
79,14,Clothing Item 14,8,97.42,0,779.36
79,69,Electronics Item 69,9,119.16,0,1072.44
79,55,Health Item 55,5,100.93,0.16,423.91
80,37,Toys Item 37,4,20.16,0,80.64
80,134,Automotive Item 134,9,89.01,0,801.09
81,98,Home & Garden Item 98,5,474.24,0,2371.2
81,92,Home & Garden Item 92,8,336.57,0,2692.56
81,132,Sports Item 132,2,293.99,0,587.98
81,165,Home & Garden Item 165,2,458.74,0,917.48
82,34,Automotive Item 34,4,205.11,0.13,713.78
82,121,Office Supplies Item 121,6,201.73,0.13,1053.03
83,145,Clothing Item 145,4,49,0.15,166.6
84,169,Food & Beverage Item 169,4,154.78,0.13,538.63
85,78,Clothing Item 78,8,416.52,0,3332.16
86,165,Home & Garden Item 165,9,458.74,0,4128.66
87,163,Electronics Item 163,3,264.47,0,793.41
87,56,Toys Item 56,9,371.64,0,3344.76
87,22,Toys Item 22,4,196.61,0,786.44
87,139,Automotive Item 139,7,452.26,0,3165.82
88,98,Home & Garden Item 98,8,474.24,0,3793.92
89,124,Food & Beverage Item 124,8,99.95,0.15,679.66
89,58,Books Item 58,1,56.15,0,56.15
89,80,Books Item 80,5,403.97,0,2019.85
89,116,Office Supplies Item 116,3,186.84,0.17,465.23
89,75,Toys Item 75,8,323.96,0.23,1995.59
90,38,Sports Item 38,3,490.3,0,1470.9
90,52,Health Item 52,5,185.79,0.19,752.45
90,192,Home & Garden Item 192,9,432.87,0.24,2960.83
90,174,Toys Item 174,3,202.21,0,606.63
90,192,Home & Garden Item 192,9,432.87,0,3895.83
91,73,Health Item 73,5,183.38,0,916.9
92,132,Sports Item 132,2,293.99,0,587.98
92,34,Automotive Item 34,8,205.11,0.07,1526.02
92,105,Home & Garden Item 105,4,196.29,0.21,620.28
92,118,Food & Beverage Item 118,1,337.9,0,337.9
92,176,Toys Item 176,5,433.87,0,2169.35
93,126,Food & Beverage Item 126,3,81.95,0,245.85
94,65,Food & Beverage Item 65,3,360.85,0,1082.55
95,115,Toys Item 115,9,237.18,0,2134.62
96,193,Office Supplies Item 193,6,197.43,0.21,935.82
96,109,Electronics Item 109,6,183.52,0,1101.12
96,135,Automotive Item 135,8,413.78,0,3310.24
97,159,Automotive Item 159,2,21.17,0.24,32.18
97,199,Automotive Item 199,9,249.58,0,2246.22
98,111,Electronics Item 111,7,383.74,0.2,2148.94
99,121,Office Supplies Item 121,7,201.73,0,1412.11
100,15,Sports Item 15,3,234.51,0.16,590.97
100,15,Sports Item 15,2,234.51,0,469.02
100,143,Office Supplies Item 143,3,181.2,0,543.6
100,195,Electronics Item 195,6,498.45,0,2990.7
101,160,Office Supplies Item 160,4,186.49,0,745.96
101,78,Clothing Item 78,3,416.52,0.06,1174.59
102,35,Automotive Item 35,2,357.35,0.21,564.61
102,53,Books Item 53,7,482.01,0.22,2631.77
102,24,Sports Item 24,9,26.08,0.06,220.64
103,186,Home & Garden Item 186,2,154.51,0.21,244.13
103,29,Books Item 29,8,283.55,0,2268.4
104,102,Home & Garden Item 102,6,225.48,0.22,1055.25
105,4,Automotive Item 4,4,270.18,0.22,842.96
106,81,Toys Item 81,6,449.5,0,2697
107,183,Automotive Item 183,4,372.55,0,1490.2
108,152,Food & Beverage Item 152,1,249.91,0,249.91
108,4,Automotive Item 4,8,270.18,0,2161.44
108,62,Home & Garden Item 62,1,21.46,0.21,16.95
108,117,Books Item 117,5,93.8,0,469
109,187,Clothing Item 187,8,139.61,0.07,1038.7
109,3,Automotive Item 3,3,26.85,0.11,71.69
109,145,Clothing Item 145,2,49,0,98
109,27,Books Item 27,6,396.31,0.18,1949.85
109,112,Office Supplies Item 112,6,274.23,0,1645.38
110,182,Books Item 182,3,26.23,0,78.69
110,112,Office Supplies Item 112,3,274.23,0,822.69
111,1,Food & Beverage Item 1,5,67.13,0.25,251.74
111,60,Toys Item 60,1,23.24,0.14,19.99
111,170,Sports Item 170,3,64.86,0.17,161.5
111,162,Electronics Item 162,8,438.12,0,3504.96
112,7,Books Item 7,3,415.27,0,1245.81
113,186,Home & Garden Item 186,3,154.51,0,463.53
113,173,Health Item 173,5,382.4,0.05,1816.4
113,25,Food & Beverage Item 25,8,72.28,0.24,439.46
114,7,Books Item 7,3,415.27,0,1245.81
114,180,Books Item 180,5,396.04,0.1,1782.18
115,28,Toys Item 28,8,348.43,0,2787.44
115,108,Clothing Item 108,9,80.5,0.11,644.81
116,148,Home & Garden Item 148,5,62.52,0.11,278.21
116,13,Home & Garden Item 13,7,319.07,0.25,1675.12
116,86,Home & Garden Item 86,3,196.16,0,588.48
116,43,Health Item 43,3,241.47,0,724.41
116,194,Office Supplies Item 194,2,269.71,0,539.42
117,165,Home & Garden Item 165,1,458.74,0.16,385.34
117,10,Home & Garden Item 10,8,258.86,0,2070.88
117,137,Clothing Item 137,4,57.25,0.21,180.91
117,143,Office Supplies Item 143,7,181.2,0,1268.4
118,172,Toys Item 172,1,394.36,0,394.36
119,107,Electronics Item 107,5,261.71,0,1308.55
119,100,Office Supplies Item 100,1,215.87,0,215.87
120,139,Automotive Item 139,3,452.26,0,1356.78
120,21,Automotive Item 21,2,186.91,0,373.82
121,165,Home & Garden Item 165,8,458.74,0.09,3339.63
121,67,Office Supplies Item 67,9,250.94,0,2258.46
121,152,Food & Beverage Item 152,3,249.91,0.11,667.26
121,164,Books Item 164,8,100.96,0.1,726.91
121,187,Clothing Item 187,5,139.61,0,698.05
122,162,Electronics Item 162,1,438.12,0,438.12
122,92,Home & Garden Item 92,8,336.57,0,2692.56
122,107,Electronics Item 107,1,261.71,0,261.71
122,172,Toys Item 172,7,394.36,0,2760.52
122,113,Toys Item 113,3,452.88,0,1358.64
123,165,Home & Garden Item 165,5,458.74,0,2293.7
123,108,Clothing Item 108,8,80.5,0.08,592.48
123,69,Electronics Item 69,9,119.16,0,1072.44
123,98,Home & Garden Item 98,1,474.24,0,474.24
124,76,Home & Garden Item 76,3,257.8,0.21,610.99
124,148,Home & Garden Item 148,7,62.52,0,437.64
125,136,Books Item 136,9,306.78,0,2761.02
125,68,Sports Item 68,6,81.56,0,489.36
125,114,Health Item 114,5,266.8,0,1334
126,200,Automotive Item 200,7,120.76,0,845.32
126,58,Books Item 58,6,56.15,0,336.9
126,112,Office Supplies Item 112,8,274.23,0.22,1711.2
126,182,Books Item 182,9,26.23,0,236.07
127,18,Automotive Item 18,6,45.51,0,273.06
127,154,Electronics Item 154,8,345.83,0,2766.64
127,103,Health Item 103,7,359.05,0,2513.35
127,143,Office Supplies Item 143,1,181.2,0,181.2
127,154,Electronics Item 154,6,345.83,0.2,1659.98
128,132,Sports Item 132,6,293.99,0.09,1605.19
129,72,Health Item 72,8,60.15,0,481.2
129,86,Home & Garden Item 86,1,196.16,0,196.16
129,169,Food & Beverage Item 169,2,154.78,0,309.56
130,144,Home & Garden Item 144,5,157.24,0.25,589.65
130,111,Electronics Item 111,2,383.74,0,767.48
130,22,Toys Item 22,3,196.61,0,589.83
130,60,Toys Item 60,7,23.24,0,162.68
130,112,Office Supplies Item 112,4,274.23,0,1096.92
131,149,Food & Beverage Item 149,1,362.16,0,362.16
132,6,Home & Garden Item 6,4,185.75,0.15,631.55
132,154,Electronics Item 154,1,345.83,0.05,328.54
132,143,Office Supplies Item 143,2,181.2,0,362.4
132,109,Electronics Item 109,2,183.52,0,367.04
133,198,Home & Garden Item 198,4,405.35,0,1621.4
133,183,Automotive Item 183,3,372.55,0.16,938.83
133,153,Sports Item 153,8,323.38,0,2587.04
134,133,Health Item 133,9,415.69,0,3741.21
134,111,Electronics Item 111,5,383.74,0.24,1458.21
134,146,Electronics Item 146,2,81.15,0,162.3
134,172,Toys Item 172,4,394.36,0,1577.44
134,134,Automotive Item 134,3,89.01,0,267.03
135,190,Automotive Item 190,4,263.28,0.1,947.81
135,25,Food & Beverage Item 25,9,72.28,0,650.52
135,30,Clothing Item 30,2,234.24,0,468.48
136,196,Books Item 196,5,283.46,0,1417.3
136,132,Sports Item 132,9,293.99,0,2645.91
137,25,Food & Beverage Item 25,5,72.28,0,361.4
137,161,Home & Garden Item 161,2,95.69,0,191.38
138,107,Electronics Item 107,9,261.71,0,2355.39
138,176,Toys Item 176,1,433.87,0.17,360.11
138,176,Toys Item 176,3,433.87,0.21,1028.27
139,155,Toys Item 155,7,462.96,0,3240.72
140,33,Home & Garden Item 33,7,29.84,0,208.88
140,180,Books Item 180,2,396.04,0,792.08
140,50,Electronics Item 50,6,121.33,0,727.98
141,138,Electronics Item 138,7,441.57,0.11,2750.98
141,66,Food & Beverage Item 66,4,124.08,0,496.32
142,196,Books Item 196,7,283.46,0,1984.22
142,37,Toys Item 37,7,20.16,0,141.12
142,165,Home & Garden Item 165,8,458.74,0,3669.92
142,192,Home & Garden Item 192,9,432.87,0,3895.83
143,181,Toys Item 181,3,37.74,0.06,106.43
143,3,Automotive Item 3,1,26.85,0,26.85
144,32,Clothing Item 32,2,328.17,0,656.34
144,132,Sports Item 132,6,293.99,0,1763.94
144,59,Books Item 59,4,405.41,0,1621.64
144,183,Automotive Item 183,3,372.55,0,1117.65
145,30,Clothing Item 30,9,234.24,0,2108.16
146,127,Electronics Item 127,9,207.73,0.09,1701.31
146,58,Books Item 58,6,56.15,0,336.9
146,151,Books Item 151,3,310.06,0.25,697.64
146,95,Food & Beverage Item 95,5,106.79,0.2,427.16
146,140,Food & Beverage Item 140,7,345.84,0,2420.88
147,141,Health Item 141,3,40.42,0.24,92.16
147,107,Electronics Item 107,8,261.71,0,2093.68
147,140,Food & Beverage Item 140,8,345.84,0.11,2462.38
147,31,Toys Item 31,2,36.29,0,72.58
147,76,Home & Garden Item 76,4,257.8,0,1031.2
148,75,Toys Item 75,3,323.96,0,971.88
148,113,Toys Item 113,6,452.88,0,2717.28
148,193,Office Supplies Item 193,5,197.43,0,987.15
148,117,Books Item 117,3,93.8,0,281.4
148,157,Health Item 157,7,243.3,0,1703.1
149,118,Food & Beverage Item 118,7,337.9,0,2365.3
150,195,Electronics Item 195,2,498.45,0,996.9
150,24,Sports Item 24,2,26.08,0.21,41.21
151,13,Home & Garden Item 13,5,319.07,0,1595.35
152,5,Home & Garden Item 5,8,148.36,0.08,1091.93
153,115,Toys Item 115,8,237.18,0.18,1555.9
153,101,Clothing Item 101,2,480.08,0.23,739.32
153,171,Home & Garden Item 171,9,122.73,0,1104.57
153,141,Health Item 141,5,40.42,0.19,163.7
153,123,Electronics Item 123,7,176.63,0,1236.41
154,15,Sports Item 15,7,234.51,0,1641.57
154,138,Electronics Item 138,7,441.57,0,3090.99
155,146,Electronics Item 146,5,81.15,0,405.75
156,73,Health Item 73,3,183.38,0.16,462.12
157,93,Electronics Item 93,5,97.17,0.07,451.84
157,127,Electronics Item 127,9,207.73,0,1869.57
157,49,Office Supplies Item 49,8,295.57,0.22,1844.36
158,49,Office Supplies Item 49,4,295.57,0,1182.28
158,91,Office Supplies Item 91,3,422.31,0,1266.93
158,7,Books Item 7,9,415.27,0,3737.43
159,175,Home & Garden Item 175,4,51.94,0,207.76
160,133,Health Item 133,5,415.69,0.06,1953.74
160,64,Office Supplies Item 64,6,392.22,0.14,2023.86
160,13,Home & Garden Item 13,1,319.07,0,319.07
161,96,Toys Item 96,7,99.8,0.23,537.92
161,103,Health Item 103,4,359.05,0,1436.2
162,78,Clothing Item 78,8,416.52,0,3332.16
162,115,Toys Item 115,8,237.18,0,1897.44
162,127,Electronics Item 127,6,207.73,0.1,1121.74
162,137,Clothing Item 137,3,57.25,0,171.75
163,113,Toys Item 113,3,452.88,0,1358.64
164,85,Books Item 85,2,75.64,0,151.28
164,165,Home & Garden Item 165,7,458.74,0.21,2536.83
164,6,Home & Garden Item 6,2,185.75,0,371.5
164,133,Health Item 133,8,415.69,0,3325.52
165,104,Electronics Item 104,6,381.81,0,2290.86
165,182,Books Item 182,3,26.23,0.14,67.67
165,8,Food & Beverage Item 8,6,189.52,0.22,886.95
166,16,Books Item 16,4,203.01,0,812.04
166,198,Home & Garden Item 198,3,405.35,0,1216.05
166,90,Home & Garden Item 90,7,430.3,0,3012.1
166,92,Home & Garden Item 92,6,336.57,0,2019.42
167,16,Books Item 16,6,203.01,0,1218.06
167,123,Electronics Item 123,7,176.63,0,1236.41
167,20,Toys Item 20,7,292.96,0,2050.72
168,142,Sports Item 142,1,425.28,0,425.28
168,69,Electronics Item 69,2,119.16,0,238.32
168,98,Home & Garden Item 98,5,474.24,0,2371.2
169,197,Sports Item 197,1,32.65,0.06,30.69
170,127,Electronics Item 127,1,207.73,0,207.73
170,173,Health Item 173,8,382.4,0,3059.2
170,83,Toys Item 83,8,282.57,0,2260.56
170,136,Books Item 136,5,306.78,0,1533.9
171,81,Toys Item 81,9,449.5,0,4045.5
171,21,Automotive Item 21,7,186.91,0,1308.37
171,42,Sports Item 42,1,480.22,0,480.22
171,81,Toys Item 81,9,449.5,0.12,3560.04
171,150,Health Item 150,8,221.4,0,1771.2
172,97,Office Supplies Item 97,6,73.52,0,441.12
172,193,Office Supplies Item 193,4,197.43,0.13,687.06
172,18,Automotive Item 18,4,45.51,0,182.04
173,61,Electronics Item 61,9,369.51,0.2,2660.47
173,62,Home & Garden Item 62,1,21.46,0,21.46
174,190,Automotive Item 190,2,263.28,0,526.56
174,124,Food & Beverage Item 124,1,99.95,0.1,89.96
174,145,Clothing Item 145,7,49,0.22,267.54
175,92,Home & Garden Item 92,2,336.57,0,673.14
175,145,Clothing Item 145,7,49,0.17,284.69
175,149,Food & Beverage Item 149,7,362.16,0,2535.12
175,36,Toys Item 36,7,459.46,0,3216.22
175,78,Clothing Item 78,5,416.52,0,2082.6
176,52,Health Item 52,1,185.79,0,185.79
176,99,Sports Item 99,6,299.61,0,1797.66
176,19,Clothing Item 19,8,109.56,0,876.48
177,96,Toys Item 96,3,99.8,0,299.4
177,192,Home & Garden Item 192,5,432.87,0,2164.35
177,37,Toys Item 37,4,20.16,0,80.64
178,118,Food & Beverage Item 118,3,337.9,0,1013.7
178,160,Office Supplies Item 160,7,186.49,0,1305.43
179,49,Office Supplies Item 49,9,295.57,0.14,2287.71
179,43,Health Item 43,6,241.47,0,1448.82
179,110,Food & Beverage Item 110,6,493.33,0,2959.98
179,139,Automotive Item 139,7,452.26,0.18,2595.97
179,68,Sports Item 68,5,81.56,0,407.8
180,101,Clothing Item 101,7,480.08,0,3360.56
180,200,Automotive Item 200,9,120.76,0.05,1032.5
180,164,Books Item 164,9,100.96,0,908.64
180,141,Health Item 141,2,40.42,0,80.84
181,5,Home & Garden Item 5,1,148.36,0,148.36
181,63,Automotive Item 63,9,440.27,0.06,3724.68
181,113,Toys Item 113,6,452.88,0,2717.28
182,129,Health Item 129,6,287.67,0,1726.02
182,176,Toys Item 176,7,433.87,0,3037.09
182,192,Home & Garden Item 192,2,432.87,0,865.74
182,49,Office Supplies Item 49,5,295.57,0.15,1256.17
183,4,Automotive Item 4,7,270.18,0.14,1626.48
184,6,Home & Garden Item 6,6,185.75,0,1114.5
184,39,Office Supplies Item 39,4,482.39,0,1929.56
184,30,Clothing Item 30,4,234.24,0.12,824.52
184,168,Automotive Item 168,2,426.13,0,852.26
185,106,Books Item 106,3,292.6,0,877.8
185,150,Health Item 150,8,221.4,0,1771.2
185,47,Office Supplies Item 47,7,42.91,0,300.37
185,124,Food & Beverage Item 124,8,99.95,0,799.6
186,184,Health Item 184,5,399.59,0.25,1498.46
186,167,Food & Beverage Item 167,2,33.53,0,67.06
187,90,Home & Garden Item 90,2,430.3,0,860.6
187,127,Electronics Item 127,6,207.73,0,1246.38
187,171,Home & Garden Item 171,6,122.73,0,736.38
187,7,Books Item 7,5,415.27,0,2076.35
188,117,Books Item 117,9,93.8,0.15,717.57
188,68,Sports Item 68,2,81.56,0,163.12
189,194,Office Supplies Item 194,4,269.71,0,1078.84
189,151,Books Item 151,9,310.06,0,2790.54
189,162,Electronics Item 162,5,438.12,0,2190.6
190,168,Automotive Item 168,4,426.13,0.18,1397.71
190,127,Electronics Item 127,3,207.73,0,623.19
190,72,Health Item 72,5,60.15,0.07,279.7
190,102,Home & Garden Item 102,7,225.48,0,1578.36
191,190,Automotive Item 190,4,263.28,0,1053.12
191,26,Food & Beverage Item 26,6,472.68,0.16,2382.31
191,174,Toys Item 174,8,202.21,0,1617.68
191,180,Books Item 180,4,396.04,0.07,1473.27
191,149,Food & Beverage Item 149,9,362.16,0,3259.44
192,124,Food & Beverage Item 124,6,99.95,0.07,557.72
192,80,Books Item 80,7,403.97,0,2827.79
192,29,Books Item 29,8,283.55,0,2268.4
192,195,Electronics Item 195,8,498.45,0,3987.6
192,195,Electronics Item 195,3,498.45,0.15,1271.05
193,196,Books Item 196,9,283.46,0,2551.14
193,7,Books Item 7,5,415.27,0,2076.35
193,162,Electronics Item 162,7,438.12,0.06,2882.83
194,47,Office Supplies Item 47,7,42.91,0.13,261.32
194,73,Health Item 73,8,183.38,0,1467.04
195,163,Electronics Item 163,6,264.47,0,1586.82
195,147,Health Item 147,7,387.6,0.12,2387.62
196,143,Office Supplies Item 143,3,181.2,0,543.6
196,154,Electronics Item 154,8,345.83,0,2766.64
196,29,Books Item 29,4,283.55,0,1134.2
197,35,Automotive Item 35,4,357.35,0.09,1300.75
197,139,Automotive Item 139,2,452.26,0,904.52
197,44,Home & Garden Item 44,7,192.13,0.23,1035.58
197,173,Health Item 173,6,382.4,0.06,2156.74
198,186,Home & Garden Item 186,7,154.51,0.13,940.97
198,47,Office Supplies Item 47,8,42.91,0.2,274.62
198,153,Sports Item 153,7,323.38,0,2263.66
198,102,Home & Garden Item 102,8,225.48,0,1803.84
199,152,Food & Beverage Item 152,4,249.91,0.22,779.72
200,79,Toys Item 79,4,418.38,0,1673.52
200,28,Toys Item 28,3,348.43,0,1045.29
200,28,Toys Item 28,1,348.43,0,348.43
200,74,Health Item 74,2,432.11,0,864.22
200,21,Automotive Item 21,2,186.91,0.16,314.01
201,53,Books Item 53,8,482.01,0,3856.08
202,99,Sports Item 99,5,299.61,0,1498.05
202,102,Home & Garden Item 102,6,225.48,0,1352.88
202,40,Health Item 40,2,128.79,0.13,224.09
203,147,Health Item 147,4,387.6,0,1550.4
204,6,Home & Garden Item 6,2,185.75,0,371.5
204,150,Health Item 150,2,221.4,0,442.8
204,139,Automotive Item 139,6,452.26,0,2713.56
204,157,Health Item 157,6,243.3,0.22,1138.64
205,188,Sports Item 188,4,379.36,0,1517.44
205,97,Office Supplies Item 97,6,73.52,0,441.12
205,24,Sports Item 24,8,26.08,0.15,177.34
205,34,Automotive Item 34,8,205.11,0,1640.88
205,82,Office Supplies Item 82,2,440.55,0,881.1
206,192,Home & Garden Item 192,4,432.87,0,1731.48
206,106,Books Item 106,2,292.6,0.15,497.42
206,22,Toys Item 22,5,196.61,0,983.05
206,42,Sports Item 42,8,480.22,0,3841.76
207,99,Sports Item 99,6,299.61,0,1797.66
207,105,Home & Garden Item 105,5,196.29,0.18,804.79
208,7,Books Item 7,1,415.27,0.09,377.9
208,199,Automotive Item 199,7,249.58,0,1747.06
208,76,Home & Garden Item 76,6,257.8,0,1546.8
208,71,Toys Item 71,5,457.03,0,2285.15
208,143,Office Supplies Item 143,2,181.2,0,362.4
209,16,Books Item 16,9,203.01,0,1827.09
210,38,Sports Item 38,3,490.3,0.1,1323.81
210,85,Books Item 85,2,75.64,0,151.28
210,24,Sports Item 24,9,26.08,0,234.72
210,35,Automotive Item 35,9,357.35,0,3216.15
211,136,Books Item 136,7,306.78,0,2147.46
211,177,Food & Beverage Item 177,2,58.66,0.09,106.76
211,106,Books Item 106,7,292.6,0.15,1740.97
212,68,Sports Item 68,1,81.56,0.13,70.96
212,123,Electronics Item 123,9,176.63,0.11,1414.81
213,24,Sports Item 24,5,26.08,0,130.4
213,42,Sports Item 42,1,480.22,0,480.22
214,79,Toys Item 79,2,418.38,0,836.76
214,130,Home & Garden Item 130,5,319.16,0,1595.8
214,106,Books Item 106,6,292.6,0,1755.6
214,175,Home & Garden Item 175,9,51.94,0,467.46
214,157,Health Item 157,6,243.3,0,1459.8
215,31,Toys Item 31,9,36.29,0,326.61
216,74,Health Item 74,2,432.11,0,864.22
217,55,Health Item 55,2,100.93,0,201.86
217,78,Clothing Item 78,6,416.52,0,2499.12
217,64,Office Supplies Item 64,4,392.22,0.16,1317.86
217,59,Books Item 59,4,405.41,0.14,1394.61
217,136,Books Item 136,5,306.78,0.15,1303.81
218,179,Electronics Item 179,4,398.71,0.06,1499.15
218,178,Automotive Item 178,2,152.37,0,304.74
219,145,Clothing Item 145,2,49,0,98
219,15,Sports Item 15,8,234.51,0,1876.08
220,129,Health Item 129,3,287.67,0.24,655.89
220,59,Books Item 59,5,405.41,0,2027.05
221,174,Toys Item 174,1,202.21,0.08,186.03
221,185,Home & Garden Item 185,4,142.48,0,569.92
221,85,Books Item 85,3,75.64,0,226.92
222,159,Automotive Item 159,4,21.17,0,84.68
222,49,Office Supplies Item 49,5,295.57,0.25,1108.39
222,15,Sports Item 15,6,234.51,0,1407.06
222,68,Sports Item 68,2,81.56,0,163.12
223,92,Home & Garden Item 92,1,336.57,0.09,306.28
224,58,Books Item 58,9,56.15,0,505.35
224,29,Books Item 29,1,283.55,0,283.55
224,70,Home & Garden Item 70,8,130.6,0.06,982.11
224,63,Automotive Item 63,1,440.27,0,440.27
224,52,Health Item 52,4,185.79,0,743.16
225,68,Sports Item 68,3,81.56,0,244.68
225,5,Home & Garden Item 5,6,148.36,0,890.16
225,138,Electronics Item 138,3,441.57,0,1324.71
225,70,Home & Garden Item 70,5,130.6,0,653
226,165,Home & Garden Item 165,9,458.74,0.05,3922.23
226,111,Electronics Item 111,9,383.74,0,3453.66
226,88,Health Item 88,9,265.04,0.06,2242.24
227,64,Office Supplies Item 64,8,392.22,0,3137.76
227,111,Electronics Item 111,8,383.74,0,3069.92
228,101,Clothing Item 101,2,480.08,0,960.16
228,174,Toys Item 174,7,202.21,0.11,1259.77
228,29,Books Item 29,1,283.55,0.25,212.66
228,140,Food & Beverage Item 140,1,345.84,0.2,276.67
228,176,Toys Item 176,3,433.87,0,1301.61
229,36,Toys Item 36,2,459.46,0.13,799.46
229,117,Books Item 117,1,93.8,0,93.8
230,161,Home & Garden Item 161,6,95.69,0.1,516.73
230,156,Home & Garden Item 156,5,403.93,0,2019.65
230,144,Home & Garden Item 144,7,157.24,0,1100.68
231,121,Office Supplies Item 121,6,201.73,0,1210.38
231,5,Home & Garden Item 5,1,148.36,0,148.36
231,96,Toys Item 96,9,99.8,0,898.2
231,173,Health Item 173,7,382.4,0,2676.8
231,79,Toys Item 79,9,418.38,0,3765.42
232,92,Home & Garden Item 92,5,336.57,0,1682.85
232,27,Books Item 27,5,396.31,0,1981.55
232,110,Food & Beverage Item 110,1,493.33,0,493.33
233,100,Office Supplies Item 100,8,215.87,0,1726.96
233,35,Automotive Item 35,9,357.35,0.06,3023.18
233,113,Toys Item 113,4,452.88,0,1811.52
234,38,Sports Item 38,1,490.3,0,490.3
235,49,Office Supplies Item 49,8,295.57,0,2364.56
235,81,Toys Item 81,9,449.5,0.09,3681.4
235,137,Clothing Item 137,4,57.25,0,229
235,85,Books Item 85,4,75.64,0,302.56
236,155,Toys Item 155,5,462.96,0,2314.8
236,71,Toys Item 71,9,457.03,0.09,3743.08
236,171,Home & Garden Item 171,9,122.73,0,1104.57
236,48,Food & Beverage Item 48,4,217.23,0.11,773.34
236,157,Health Item 157,7,243.3,0,1703.1
237,155,Toys Item 155,6,462.96,0.24,2111.1
237,168,Automotive Item 168,1,426.13,0,426.13
237,102,Home & Garden Item 102,9,225.48,0,2029.32
238,158,Toys Item 158,6,167.03,0,1002.18
238,1,Food & Beverage Item 1,3,67.13,0.18,165.14
239,167,Food & Beverage Item 167,1,33.53,0,33.53
239,36,Toys Item 36,4,459.46,0.23,1415.14
240,125,Books Item 125,7,48.38,0,338.66
240,84,Sports Item 84,5,160.77,0,803.85
241,72,Health Item 72,1,60.15,0,60.15
241,172,Toys Item 172,7,394.36,0,2760.52
241,84,Sports Item 84,4,160.77,0.15,546.62
241,157,Health Item 157,4,243.3,0,973.2
241,178,Automotive Item 178,3,152.37,0.06,429.68
242,115,Toys Item 115,5,237.18,0,1185.9
242,34,Automotive Item 34,2,205.11,0,410.22
242,195,Electronics Item 195,5,498.45,0.08,2292.87
243,39,Office Supplies Item 39,4,482.39,0.18,1582.24
243,12,Clothing Item 12,1,165.3,0.16,138.85
243,99,Sports Item 99,4,299.61,0,1198.44
243,179,Electronics Item 179,2,398.71,0,797.42
243,65,Food & Beverage Item 65,9,360.85,0,3247.65
244,87,Automotive Item 87,6,389.46,0,2336.76
244,33,Home & Garden Item 33,7,29.84,0,208.88
245,104,Electronics Item 104,5,381.81,0,1909.05
245,128,Office Supplies Item 128,7,9.2,0.1,57.96
245,129,Health Item 129,8,287.67,0,2301.36
245,1,Food & Beverage Item 1,2,67.13,0,134.26
245,15,Sports Item 15,5,234.51,0,1172.55
246,74,Health Item 74,8,432.11,0,3456.88
246,119,Office Supplies Item 119,4,190.09,0,760.36
246,81,Toys Item 81,7,449.5,0.25,2359.88
246,154,Electronics Item 154,7,345.83,0,2420.81
247,195,Electronics Item 195,2,498.45,0,996.9
247,131,Home & Garden Item 131,6,75,0.09,409.5
247,153,Sports Item 153,1,323.38,0,323.38
248,88,Health Item 88,2,265.04,0.07,492.97
248,98,Home & Garden Item 98,3,474.24,0,1422.72
249,100,Office Supplies Item 100,1,215.87,0,215.87
250,198,Home & Garden Item 198,4,405.35,0,1621.4
250,132,Sports Item 132,6,293.99,0,1763.94
250,134,Automotive Item 134,7,89.01,0,623.07
250,61,Electronics Item 61,2,369.51,0,739.02
250,57,Food & Beverage Item 57,8,318.6,0,2548.8
251,158,Toys Item 158,8,167.03,0,1336.24
251,181,Toys Item 181,8,37.74,0,301.92
251,101,Clothing Item 101,7,480.08,0,3360.56
251,51,Health Item 51,1,85.4,0,85.4
252,151,Books Item 151,9,310.06,0,2790.54
252,166,Clothing Item 166,7,18.3,0,128.1
252,106,Books Item 106,8,292.6,0,2340.8
252,7,Books Item 7,3,415.27,0.13,1083.85
253,73,Health Item 73,3,183.38,0,550.14
253,137,Clothing Item 137,9,57.25,0,515.25
253,193,Office Supplies Item 193,7,197.43,0,1382.01
254,10,Home & Garden Item 10,7,258.86,0.12,1594.58
254,92,Home & Garden Item 92,8,336.57,0,2692.56
255,183,Automotive Item 183,3,372.55,0,1117.65
255,100,Office Supplies Item 100,1,215.87,0,215.87
255,180,Books Item 180,1,396.04,0,396.04
255,155,Toys Item 155,2,462.96,0,925.92
255,44,Home & Garden Item 44,6,192.13,0,1152.78
256,23,Home & Garden Item 23,9,14.22,0,127.98
256,25,Food & Beverage Item 25,4,72.28,0,289.12
256,16,Books Item 16,4,203.01,0.09,738.96
256,98,Home & Garden Item 98,8,474.24,0,3793.92
257,65,Food & Beverage Item 65,6,360.85,0.25,1623.83
257,99,Sports Item 99,7,299.61,0,2097.27
257,70,Home & Garden Item 70,4,130.6,0.07,485.83
257,95,Food & Beverage Item 95,6,106.79,0,640.74
258,92,Home & Garden Item 92,7,336.57,0,2355.99
258,64,Office Supplies Item 64,4,392.22,0,1568.88
258,67,Office Supplies Item 67,5,250.94,0.08,1154.32
258,164,Books Item 164,8,100.96,0,807.68
258,58,Books Item 58,5,56.15,0,280.75
259,21,Automotive Item 21,1,186.91,0.15,158.87
259,23,Home & Garden Item 23,3,14.22,0,42.66
259,118,Food & Beverage Item 118,1,337.9,0,337.9
259,143,Office Supplies Item 143,8,181.2,0,1449.6
259,59,Books Item 59,6,405.41,0.23,1872.99
260,4,Automotive Item 4,6,270.18,0,1621.08
261,61,Electronics Item 61,2,369.51,0,739.02
261,44,Home & Garden Item 44,3,192.13,0.16,484.17
261,146,Electronics Item 146,8,81.15,0,649.2
261,85,Books Item 85,7,75.64,0,529.48
261,168,Automotive Item 168,5,426.13,0,2130.65
262,106,Books Item 106,5,292.6,0,1463
262,47,Office Supplies Item 47,4,42.91,0,171.64
262,90,Home & Garden Item 90,4,430.3,0.13,1497.44
263,115,Toys Item 115,8,237.18,0.17,1574.88
263,175,Home & Garden Item 175,5,51.94,0,259.7
264,18,Automotive Item 18,8,45.51,0,364.08
264,148,Home & Garden Item 148,8,62.52,0,500.16
264,76,Home & Garden Item 76,9,257.8,0,2320.2
264,14,Clothing Item 14,6,97.42,0,584.52
264,96,Toys Item 96,6,99.8,0.18,491.02
265,132,Sports Item 132,1,293.99,0,293.99
265,81,Toys Item 81,4,449.5,0,1798
265,20,Toys Item 20,6,292.96,0,1757.76
265,71,Toys Item 71,4,457.03,0,1828.12
265,155,Toys Item 155,4,462.96,0,1851.84
266,44,Home & Garden Item 44,2,192.13,0,384.26
266,149,Food & Beverage Item 149,1,362.16,0,362.16
266,168,Automotive Item 168,8,426.13,0,3409.04
267,106,Books Item 106,4,292.6,0,1170.4
267,42,Sports Item 42,6,480.22,0.22,2247.43
267,84,Sports Item 84,3,160.77,0,482.31
267,139,Automotive Item 139,8,452.26,0.18,2966.83
267,70,Home & Garden Item 70,4,130.6,0,522.4
268,120,Electronics Item 120,5,123.67,0,618.35
268,145,Clothing Item 145,8,49,0,392
268,27,Books Item 27,1,396.31,0.09,360.64
268,67,Office Supplies Item 67,3,250.94,0.05,715.18
269,163,Electronics Item 163,8,264.47,0,2115.76
270,147,Health Item 147,6,387.6,0.08,2139.55
270,22,Toys Item 22,6,196.61,0,1179.66
271,80,Books Item 80,5,403.97,0,2019.85
271,169,Food & Beverage Item 169,3,154.78,0.16,390.05
272,181,Toys Item 181,6,37.74,0,226.44
272,167,Food & Beverage Item 167,5,33.53,0.12,147.53
272,83,Toys Item 83,9,282.57,0.1,2288.82
272,156,Home & Garden Item 156,7,403.93,0.17,2346.83
273,27,Books Item 27,8,396.31,0.17,2631.5
273,144,Home & Garden Item 144,3,157.24,0.12,415.11
273,198,Home & Garden Item 198,2,405.35,0,810.7
273,15,Sports Item 15,5,234.51,0.11,1043.57
274,97,Office Supplies Item 97,5,73.52,0,367.6
274,181,Toys Item 181,2,37.74,0,75.48
274,130,Home & Garden Item 130,3,319.16,0,957.48
275,25,Food & Beverage Item 25,4,72.28,0,289.12
275,6,Home & Garden Item 6,2,185.75,0,371.5
276,78,Clothing Item 78,3,416.52,0.2,999.65
276,58,Books Item 58,6,56.15,0.11,299.84
276,66,Food & Beverage Item 66,8,124.08,0,992.64
276,68,Sports Item 68,8,81.56,0,652.48
277,161,Home & Garden Item 161,6,95.69,0.12,505.24
277,89,Automotive Item 89,1,171.49,0,171.49
277,139,Automotive Item 139,4,452.26,0.19,1465.32
277,191,Food & Beverage Item 191,7,102.63,0,718.41
278,160,Office Supplies Item 160,5,186.49,0,932.45
278,139,Automotive Item 139,4,452.26,0.07,1682.41
278,89,Automotive Item 89,9,171.49,0.19,1250.16
278,164,Books Item 164,9,100.96,0,908.64
278,117,Books Item 117,1,93.8,0,93.8
279,78,Clothing Item 78,2,416.52,0,833.04
279,35,Automotive Item 35,2,357.35,0,714.7
279,118,Food & Beverage Item 118,2,337.9,0.2,540.64
279,1,Food & Beverage Item 1,2,67.13,0.18,110.09
279,20,Toys Item 20,9,292.96,0,2636.64
280,152,Food & Beverage Item 152,1,249.91,0.13,217.42
280,97,Office Supplies Item 97,7,73.52,0,514.64
280,162,Electronics Item 162,7,438.12,0,3066.84
280,61,Electronics Item 61,3,369.51,0.23,853.57
280,55,Health Item 55,1,100.93,0,100.93
281,149,Food & Beverage Item 149,6,362.16,0.13,1890.48
281,126,Food & Beverage Item 126,8,81.95,0,655.6
281,52,Health Item 52,4,185.79,0,743.16
281,83,Toys Item 83,2,282.57,0,565.14
282,175,Home & Garden Item 175,7,51.94,0,363.58
282,196,Books Item 196,3,283.46,0.14,731.33
283,81,Toys Item 81,9,449.5,0.24,3074.58
283,9,Electronics Item 9,1,479.05,0,479.05
283,70,Home & Garden Item 70,5,130.6,0.13,568.11
283,87,Automotive Item 87,8,389.46,0,3115.68
283,144,Home & Garden Item 144,4,157.24,0,628.96
284,96,Toys Item 96,9,99.8,0,898.2
284,96,Toys Item 96,1,99.8,0,99.8
284,37,Toys Item 37,6,20.16,0,120.96
285,86,Home & Garden Item 86,4,196.16,0,784.64
285,188,Sports Item 188,8,379.36,0,3034.88
285,188,Sports Item 188,9,379.36,0.13,2970.39
285,79,Toys Item 79,1,418.38,0,418.38
285,6,Home & Garden Item 6,1,185.75,0,185.75
286,30,Clothing Item 30,2,234.24,0,468.48
286,195,Electronics Item 195,5,498.45,0.12,2193.18
286,92,Home & Garden Item 92,6,336.57,0.22,1575.15
287,158,Toys Item 158,5,167.03,0,835.15
287,121,Office Supplies Item 121,2,201.73,0,403.46
287,164,Books Item 164,9,100.96,0,908.64
287,29,Books Item 29,1,283.55,0,283.55
287,32,Clothing Item 32,8,328.17,0,2625.36
288,187,Clothing Item 187,7,139.61,0,977.27
288,180,Books Item 180,6,396.04,0.25,1782.18
288,101,Clothing Item 101,7,480.08,0,3360.56
288,38,Sports Item 38,4,490.3,0,1961.2
289,75,Toys Item 75,1,323.96,0,323.96
289,10,Home & Garden Item 10,8,258.86,0,2070.88
290,146,Electronics Item 146,8,81.15,0.23,499.88
290,40,Health Item 40,7,128.79,0,901.53
290,129,Health Item 129,3,287.67,0,863.01
290,195,Electronics Item 195,5,498.45,0.1,2243.02
290,30,Clothing Item 30,6,234.24,0,1405.44
291,171,Home & Garden Item 171,7,122.73,0.07,798.97
291,174,Toys Item 174,1,202.21,0,202.21
291,138,Electronics Item 138,3,441.57,0,1324.71
291,10,Home & Garden Item 10,7,258.86,0,1812.02
291,30,Clothing Item 30,9,234.24,0,2108.16
292,147,Health Item 147,9,387.6,0,3488.4
292,130,Home & Garden Item 130,6,319.16,0,1914.96
292,86,Home & Garden Item 86,2,196.16,0.09,357.01
292,12,Clothing Item 12,4,165.3,0,661.2
293,36,Toys Item 36,4,459.46,0,1837.84
293,160,Office Supplies Item 160,6,186.49,0.2,895.15
293,166,Clothing Item 166,5,18.3,0,91.5
293,2,Toys Item 2,3,193.58,0.16,487.82
294,118,Food & Beverage Item 118,7,337.9,0.15,2010.5
294,68,Sports Item 68,7,81.56,0,570.92
294,163,Electronics Item 163,9,264.47,0,2380.23
294,80,Books Item 80,1,403.97,0,403.97
294,60,Toys Item 60,3,23.24,0,69.72
295,69,Electronics Item 69,9,119.16,0,1072.44
295,178,Automotive Item 178,8,152.37,0,1218.96
295,46,Electronics Item 46,8,23.99,0,191.92
295,61,Electronics Item 61,8,369.51,0.19,2394.42
295,8,Food & Beverage Item 8,7,189.52,0.05,1260.31
296,131,Home & Garden Item 131,5,75,0,375
297,81,Toys Item 81,4,449.5,0,1798
298,45,Food & Beverage Item 45,2,91.53,0.23,140.96
298,15,Sports Item 15,6,234.51,0,1407.06
298,30,Clothing Item 30,8,234.24,0,1873.92
299,191,Food & Beverage Item 191,1,102.63,0,102.63
299,91,Office Supplies Item 91,4,422.31,0,1689.24
299,59,Books Item 59,6,405.41,0.2,1945.97
300,158,Toys Item 158,6,167.03,0.24,761.66
300,55,Health Item 55,8,100.93,0,807.44
301,2,Toys Item 2,6,193.58,0.16,975.64
301,154,Electronics Item 154,8,345.83,0.17,2296.31
301,82,Office Supplies Item 82,5,440.55,0.11,1960.45
301,5,Home & Garden Item 5,7,148.36,0,1038.52
302,199,Automotive Item 199,8,249.58,0.2,1597.31
302,21,Automotive Item 21,9,186.91,0,1682.19
303,149,Food & Beverage Item 149,2,362.16,0,724.32
303,93,Electronics Item 93,6,97.17,0,583.02
303,159,Automotive Item 159,5,21.17,0.15,89.97
303,136,Books Item 136,6,306.78,0,1840.68
303,106,Books Item 106,5,292.6,0,1463
304,4,Automotive Item 4,7,270.18,0.22,1475.18
304,167,Food & Beverage Item 167,1,33.53,0.15,28.5
304,181,Toys Item 181,4,37.74,0.1,135.86
305,124,Food & Beverage Item 124,1,99.95,0,99.95
305,7,Books Item 7,3,415.27,0.16,1046.48
305,157,Health Item 157,4,243.3,0,973.2
305,125,Books Item 125,2,48.38,0,96.76
306,12,Clothing Item 12,9,165.3,0,1487.7
306,49,Office Supplies Item 49,8,295.57,0.24,1797.07
306,150,Health Item 150,7,221.4,0.12,1363.82
307,124,Food & Beverage Item 124,7,99.95,0,699.65
308,99,Sports Item 99,9,299.61,0,2696.49
308,14,Clothing Item 14,6,97.42,0.18,479.31
308,127,Electronics Item 127,3,207.73,0.08,573.33
308,193,Office Supplies Item 193,2,197.43,0,394.86
309,142,Sports Item 142,5,425.28,0.15,1807.44
309,46,Electronics Item 46,9,23.99,0,215.91
309,163,Electronics Item 163,5,264.47,0,1322.35
309,193,Office Supplies Item 193,4,197.43,0.1,710.75
309,163,Electronics Item 163,6,264.47,0.14,1364.67
310,118,Food & Beverage Item 118,7,337.9,0.07,2199.73
310,16,Books Item 16,3,203.01,0,609.03
310,5,Home & Garden Item 5,8,148.36,0,1186.88
310,71,Toys Item 71,5,457.03,0,2285.15
311,109,Electronics Item 109,9,183.52,0,1651.68
312,15,Sports Item 15,5,234.51,0.22,914.59
312,128,Office Supplies Item 128,3,9.2,0,27.6
312,143,Office Supplies Item 143,4,181.2,0.06,681.31
312,80,Books Item 80,3,403.97,0,1211.91
313,157,Health Item 157,3,243.3,0,729.9
313,24,Sports Item 24,6,26.08,0.23,120.49
314,166,Clothing Item 166,2,18.3,0,36.6
314,151,Books Item 151,8,310.06,0.07,2306.85
314,96,Toys Item 96,5,99.8,0.08,459.08
314,136,Books Item 136,1,306.78,0,306.78
315,85,Books Item 85,7,75.64,0.06,497.71
315,152,Food & Beverage Item 152,2,249.91,0.07,464.83
316,64,Office Supplies Item 64,1,392.22,0,392.22
317,25,Food & Beverage Item 25,2,72.28,0,144.56
318,146,Electronics Item 146,8,81.15,0,649.2
318,199,Automotive Item 199,2,249.58,0,499.16
318,197,Sports Item 197,8,32.65,0,261.2
318,61,Electronics Item 61,2,369.51,0,739.02
318,48,Food & Beverage Item 48,7,217.23,0,1520.61
319,186,Home & Garden Item 186,6,154.51,0,927.06
320,13,Home & Garden Item 13,6,319.07,0.15,1627.26
321,137,Clothing Item 137,6,57.25,0,343.5
321,16,Books Item 16,4,203.01,0,812.04
321,89,Automotive Item 89,2,171.49,0.09,312.11
321,129,Health Item 129,9,287.67,0,2589.03
321,15,Sports Item 15,8,234.51,0,1876.08
322,131,Home & Garden Item 131,4,75,0,300
323,48,Food & Beverage Item 48,8,217.23,0,1737.84
323,18,Automotive Item 18,6,45.51,0.23,210.26
323,186,Home & Garden Item 186,1,154.51,0,154.51
323,190,Automotive Item 190,3,263.28,0,789.84
324,54,Food & Beverage Item 54,4,412.88,0.13,1436.82
324,190,Automotive Item 190,5,263.28,0,1316.4
324,2,Toys Item 2,1,193.58,0,193.58
324,2,Toys Item 2,8,193.58,0.22,1207.94
324,197,Sports Item 197,8,32.65,0,261.2
325,66,Food & Beverage Item 66,7,124.08,0,868.56
326,194,Office Supplies Item 194,4,269.71,0,1078.84
326,133,Health Item 133,6,415.69,0,2494.14
326,67,Office Supplies Item 67,9,250.94,0,2258.46
326,73,Health Item 73,9,183.38,0,1650.42
326,120,Electronics Item 120,3,123.67,0,371.01
327,21,Automotive Item 21,1,186.91,0.17,155.14
328,124,Food & Beverage Item 124,5,99.95,0.18,409.8
328,49,Office Supplies Item 49,7,295.57,0.15,1758.64
328,188,Sports Item 188,3,379.36,0,1138.08
328,26,Food & Beverage Item 26,5,472.68,0.05,2245.23
328,182,Books Item 182,5,26.23,0,131.15
329,68,Sports Item 68,1,81.56,0,81.56
330,21,Automotive Item 21,3,186.91,0,560.73
330,5,Home & Garden Item 5,4,148.36,0,593.44
330,42,Sports Item 42,8,480.22,0.07,3572.84
330,14,Clothing Item 14,7,97.42,0,681.94
331,56,Toys Item 56,5,371.64,0.09,1690.96
331,82,Office Supplies Item 82,2,440.55,0,881.1
332,40,Health Item 40,2,128.79,0,257.58
332,161,Home & Garden Item 161,7,95.69,0.12,589.45
332,54,Food & Beverage Item 54,3,412.88,0,1238.64
332,118,Food & Beverage Item 118,3,337.9,0,1013.7
332,145,Clothing Item 145,7,49,0,343
333,124,Food & Beverage Item 124,2,99.95,0,199.9
334,61,Electronics Item 61,4,369.51,0.16,1241.55
334,58,Books Item 58,1,56.15,0,56.15
334,188,Sports Item 188,3,379.36,0,1138.08
335,81,Toys Item 81,2,449.5,0.09,818.09
335,18,Automotive Item 18,1,45.51,0,45.51
335,126,Food & Beverage Item 126,9,81.95,0,737.55
336,70,Home & Garden Item 70,6,130.6,0,783.6
336,190,Automotive Item 190,6,263.28,0,1579.68
336,85,Books Item 85,4,75.64,0.24,229.95
337,116,Office Supplies Item 116,1,186.84,0,186.84
337,20,Toys Item 20,3,292.96,0.18,720.68
337,132,Sports Item 132,2,293.99,0,587.98
337,63,Automotive Item 63,5,440.27,0,2201.35
338,123,Electronics Item 123,7,176.63,0.17,1026.22
338,171,Home & Garden Item 171,8,122.73,0.06,922.93
339,68,Sports Item 68,4,81.56,0,326.24
339,13,Home & Garden Item 13,5,319.07,0,1595.35
339,58,Books Item 58,5,56.15,0.07,261.1
340,109,Electronics Item 109,4,183.52,0.21,579.92
341,17,Automotive Item 17,1,143.85,0,143.85
341,111,Electronics Item 111,8,383.74,0.22,2394.54
342,99,Sports Item 99,9,299.61,0,2696.49
342,76,Home & Garden Item 76,7,257.8,0,1804.6
343,33,Home & Garden Item 33,6,29.84,0,179.04
343,44,Home & Garden Item 44,1,192.13,0.24,146.02
343,18,Automotive Item 18,5,45.51,0,227.55
344,162,Electronics Item 162,6,438.12,0,2628.72
344,68,Sports Item 68,3,81.56,0,244.68
344,140,Food & Beverage Item 140,8,345.84,0,2766.72
344,37,Toys Item 37,3,20.16,0.19,48.99
344,79,Toys Item 79,3,418.38,0,1255.14
345,52,Health Item 52,4,185.79,0,743.16
346,172,Toys Item 172,4,394.36,0.05,1498.57
346,38,Sports Item 38,9,490.3,0,4412.7
346,140,Food & Beverage Item 140,4,345.84,0.06,1300.36
347,41,Sports Item 41,6,61.19,0.16,308.4
347,110,Food & Beverage Item 110,5,493.33,0,2466.65
347,187,Clothing Item 187,7,139.61,0,977.27
347,39,Office Supplies Item 39,4,482.39,0,1929.56
347,200,Automotive Item 200,1,120.76,0,120.76
348,47,Office Supplies Item 47,9,42.91,0.24,293.5
348,122,Food & Beverage Item 122,6,144.07,0,864.42
349,162,Electronics Item 162,5,438.12,0,2190.6
349,52,Health Item 52,2,185.79,0.15,315.84
350,89,Automotive Item 89,2,171.49,0,342.98
350,79,Toys Item 79,4,418.38,0.17,1389.02
350,109,Electronics Item 109,6,183.52,0,1101.12
351,92,Home & Garden Item 92,5,336.57,0,1682.85
352,190,Automotive Item 190,3,263.28,0,789.84
352,5,Home & Garden Item 5,5,148.36,0,741.8
352,150,Health Item 150,4,221.4,0,885.6
352,138,Electronics Item 138,6,441.57,0.08,2437.47
353,36,Toys Item 36,5,459.46,0,2297.3
354,172,Toys Item 172,7,394.36,0,2760.52
354,68,Sports Item 68,6,81.56,0.18,401.28
355,87,Automotive Item 87,3,389.46,0,1168.38
355,154,Electronics Item 154,9,345.83,0,3112.47
355,162,Electronics Item 162,9,438.12,0,3943.08
356,100,Office Supplies Item 100,6,215.87,0,1295.22
356,73,Health Item 73,8,183.38,0,1467.04
356,171,Home & Garden Item 171,8,122.73,0.05,932.75
356,47,Office Supplies Item 47,4,42.91,0.24,130.45
356,116,Office Supplies Item 116,3,186.84,0,560.52
357,103,Health Item 103,9,359.05,0.13,2811.36
357,158,Toys Item 158,2,167.03,0,334.06
357,160,Office Supplies Item 160,8,186.49,0,1491.92
357,130,Home & Garden Item 130,9,319.16,0.15,2441.57
357,122,Food & Beverage Item 122,5,144.07,0,720.35
358,76,Home & Garden Item 76,3,257.8,0,773.4
358,108,Clothing Item 108,3,80.5,0,241.5
358,152,Food & Beverage Item 152,9,249.91,0,2249.19
358,160,Office Supplies Item 160,8,186.49,0,1491.92
359,65,Food & Beverage Item 65,7,360.85,0.08,2323.87
359,109,Electronics Item 109,1,183.52,0,183.52
360,10,Home & Garden Item 10,5,258.86,0,1294.3
360,7,Books Item 7,5,415.27,0,2076.35
360,23,Home & Garden Item 23,7,14.22,0,99.54
361,30,Clothing Item 30,9,234.24,0,2108.16
361,57,Food & Beverage Item 57,7,318.6,0.19,1806.46
361,200,Automotive Item 200,2,120.76,0,241.52
362,76,Home & Garden Item 76,5,257.8,0,1289
362,81,Toys Item 81,9,449.5,0,4045.5
363,114,Health Item 114,2,266.8,0.2,426.88
363,34,Automotive Item 34,2,205.11,0,410.22
364,10,Home & Garden Item 10,8,258.86,0,2070.88
364,186,Home & Garden Item 186,8,154.51,0,1236.08
365,111,Electronics Item 111,7,383.74,0,2686.18
366,65,Food & Beverage Item 65,3,360.85,0,1082.55
366,109,Electronics Item 109,9,183.52,0.09,1503.03
366,5,Home & Garden Item 5,4,148.36,0,593.44
366,96,Toys Item 96,1,99.8,0,99.8
367,50,Electronics Item 50,6,121.33,0,727.98
367,6,Home & Garden Item 6,8,185.75,0,1486
368,38,Sports Item 38,6,490.3,0.1,2647.62
369,189,Food & Beverage Item 189,1,313.57,0,313.57
369,104,Electronics Item 104,1,381.81,0.23,293.99
369,114,Health Item 114,4,266.8,0,1067.2
370,42,Sports Item 42,1,480.22,0,480.22
370,124,Food & Beverage Item 124,4,99.95,0.15,339.83
370,173,Health Item 173,2,382.4,0,764.8
371,140,Food & Beverage Item 140,9,345.84,0,3112.56
371,174,Toys Item 174,2,202.21,0,404.42
371,128,Office Supplies Item 128,7,9.2,0,64.4
372,57,Food & Beverage Item 57,5,318.6,0,1593
372,129,Health Item 129,3,287.67,0,863.01
372,135,Automotive Item 135,1,413.78,0.06,388.95
373,174,Toys Item 174,6,202.21,0,1213.26
373,133,Health Item 133,6,415.69,0.18,2045.19
373,45,Food & Beverage Item 45,8,91.53,0,732.24
374,119,Office Supplies Item 119,8,190.09,0,1520.72
374,135,Automotive Item 135,3,413.78,0.11,1104.79
374,177,Food & Beverage Item 177,7,58.66,0.25,307.97
374,125,Books Item 125,6,48.38,0,290.28
374,26,Food & Beverage Item 26,4,472.68,0.09,1720.56
375,88,Health Item 88,7,265.04,0,1855.28
375,28,Toys Item 28,8,348.43,0,2787.44
375,51,Health Item 51,7,85.4,0,597.8
376,181,Toys Item 181,9,37.74,0,339.66
376,120,Electronics Item 120,3,123.67,0.2,296.81
376,113,Toys Item 113,3,452.88,0,1358.64
376,121,Office Supplies Item 121,5,201.73,0.23,776.66
377,39,Office Supplies Item 39,7,482.39,0,3376.73
377,38,Sports Item 38,4,490.3,0,1961.2
377,191,Food & Beverage Item 191,4,102.63,0,410.52
377,14,Clothing Item 14,7,97.42,0,681.94
377,157,Health Item 157,5,243.3,0.21,961.04
378,59,Books Item 59,3,405.41,0,1216.23
378,176,Toys Item 176,5,433.87,0,2169.35
378,154,Electronics Item 154,2,345.83,0,691.66
378,8,Food & Beverage Item 8,1,189.52,0,189.52
379,107,Electronics Item 107,7,261.71,0.07,1703.73
379,176,Toys Item 176,6,433.87,0,2603.22
380,118,Food & Beverage Item 118,8,337.9,0.24,2054.43
381,166,Clothing Item 166,4,18.3,0.24,55.63
381,136,Books Item 136,1,306.78,0,306.78
381,122,Food & Beverage Item 122,8,144.07,0.16,968.15
381,55,Health Item 55,2,100.93,0,201.86
382,119,Office Supplies Item 119,8,190.09,0.11,1353.44
382,139,Automotive Item 139,9,452.26,0.06,3826.12
382,77,Toys Item 77,7,63.51,0,444.57
382,22,Toys Item 22,4,196.61,0.11,699.93
383,192,Home & Garden Item 192,1,432.87,0,432.87
383,183,Automotive Item 183,9,372.55,0,3352.95
384,105,Home & Garden Item 105,9,196.29,0,1766.61
384,197,Sports Item 197,2,32.65,0,65.3
385,98,Home & Garden Item 98,7,474.24,0.09,3020.91
385,146,Electronics Item 146,7,81.15,0,568.05
385,68,Sports Item 68,8,81.56,0.19,528.51
385,157,Health Item 157,9,243.3,0,2189.7
385,52,Health Item 52,6,185.79,0.2,891.79
386,46,Electronics Item 46,4,23.99,0.21,75.81
387,110,Food & Beverage Item 110,3,493.33,0.13,1287.59
388,86,Home & Garden Item 86,3,196.16,0,588.48
389,37,Toys Item 37,9,20.16,0,181.44
389,67,Office Supplies Item 67,7,250.94,0,1756.58
390,3,Automotive Item 3,8,26.85,0,214.8
391,12,Clothing Item 12,9,165.3,0,1487.7
391,177,Food & Beverage Item 177,3,58.66,0.11,156.62
391,106,Books Item 106,8,292.6,0,2340.8
391,139,Automotive Item 139,4,452.26,0,1809.04
391,144,Home & Garden Item 144,1,157.24,0,157.24
392,22,Toys Item 22,9,196.61,0,1769.49
392,107,Electronics Item 107,5,261.71,0,1308.55
393,134,Automotive Item 134,1,89.01,0,89.01
393,2,Toys Item 2,2,193.58,0.19,313.6
393,97,Office Supplies Item 97,6,73.52,0,441.12
393,165,Home & Garden Item 165,6,458.74,0,2752.44
393,115,Toys Item 115,8,237.18,0,1897.44
394,125,Books Item 125,8,48.38,0.18,317.37
394,188,Sports Item 188,7,379.36,0.11,2363.41
394,55,Health Item 55,6,100.93,0,605.58
394,137,Clothing Item 137,2,57.25,0,114.5
394,137,Clothing Item 137,3,57.25,0.15,145.99
395,128,Office Supplies Item 128,6,9.2,0,55.2
395,119,Office Supplies Item 119,7,190.09,0.18,1091.12
395,46,Electronics Item 46,1,23.99,0.06,22.55
395,87,Automotive Item 87,8,389.46,0,3115.68
396,186,Home & Garden Item 186,7,154.51,0.2,865.26
396,44,Home & Garden Item 44,2,192.13,0,384.26
396,12,Clothing Item 12,9,165.3,0,1487.7
396,96,Toys Item 96,1,99.8,0.07,92.81
397,71,Toys Item 71,5,457.03,0.19,1850.97
397,143,Office Supplies Item 143,8,181.2,0,1449.6
397,114,Health Item 114,2,266.8,0.14,458.9
397,152,Food & Beverage Item 152,1,249.91,0,249.91
397,179,Electronics Item 179,4,398.71,0,1594.84
398,112,Office Supplies Item 112,7,274.23,0,1919.61
398,90,Home & Garden Item 90,8,430.3,0,3442.4
398,136,Books Item 136,8,306.78,0,2454.24
399,98,Home & Garden Item 98,7,474.24,0,3319.68
399,6,Home & Garden Item 6,3,185.75,0.13,484.81
399,154,Electronics Item 154,5,345.83,0,1729.15
399,93,Electronics Item 93,6,97.17,0.21,460.59
399,42,Sports Item 42,1,480.22,0,480.22
400,156,Home & Garden Item 156,8,403.93,0,3231.44
401,78,Clothing Item 78,5,416.52,0,2082.6
401,33,Home & Garden Item 33,4,29.84,0.24,90.71
401,197,Sports Item 197,1,32.65,0,32.65
401,3,Automotive Item 3,8,26.85,0,214.8
402,74,Health Item 74,5,432.11,0,2160.55
402,50,Electronics Item 50,4,121.33,0,485.32
402,51,Health Item 51,2,85.4,0.06,160.55
402,97,Office Supplies Item 97,2,73.52,0.07,136.75
403,29,Books Item 29,3,283.55,0,850.65
403,154,Electronics Item 154,1,345.83,0,345.83
404,184,Health Item 184,7,399.59,0.21,2209.73
404,119,Office Supplies Item 119,1,190.09,0,190.09
405,140,Food & Beverage Item 140,1,345.84,0,345.84
405,117,Books Item 117,3,93.8,0,281.4
405,46,Electronics Item 46,3,23.99,0.15,61.17
406,139,Automotive Item 139,6,452.26,0,2713.56
406,181,Toys Item 181,7,37.74,0,264.18
406,63,Automotive Item 63,2,440.27,0,880.54
406,102,Home & Garden Item 102,2,225.48,0.16,378.81
406,175,Home & Garden Item 175,3,51.94,0,155.82
407,17,Automotive Item 17,7,143.85,0,1006.95
407,163,Electronics Item 163,5,264.47,0.16,1110.77
407,194,Office Supplies Item 194,2,269.71,0,539.42
407,34,Automotive Item 34,2,205.11,0.25,307.67
407,130,Home & Garden Item 130,9,319.16,0.13,2499.02
408,199,Automotive Item 199,6,249.58,0.07,1392.66
408,98,Home & Garden Item 98,8,474.24,0,3793.92
408,99,Sports Item 99,7,299.61,0,2097.27
408,43,Health Item 43,2,241.47,0.22,376.69
409,143,Office Supplies Item 143,6,181.2,0,1087.2
409,23,Home & Garden Item 23,8,14.22,0,113.76
410,126,Food & Beverage Item 126,3,81.95,0,245.85
410,147,Health Item 147,1,387.6,0,387.6
410,141,Health Item 141,4,40.42,0.14,139.04
411,69,Electronics Item 69,9,119.16,0,1072.44
411,185,Home & Garden Item 185,7,142.48,0,997.36
411,75,Toys Item 75,1,323.96,0.18,265.65
411,123,Electronics Item 123,7,176.63,0,1236.41
412,61,Electronics Item 61,9,369.51,0,3325.59
412,161,Home & Garden Item 161,5,95.69,0.25,358.84
413,102,Home & Garden Item 102,3,225.48,0,676.44
414,161,Home & Garden Item 161,6,95.69,0,574.14
415,64,Office Supplies Item 64,4,392.22,0,1568.88
415,195,Electronics Item 195,5,498.45,0,2492.25
415,78,Clothing Item 78,4,416.52,0,1666.08
415,9,Electronics Item 9,9,479.05,0,4311.45
415,151,Books Item 151,4,310.06,0,1240.24
416,164,Books Item 164,9,100.96,0.23,699.65
416,41,Sports Item 41,6,61.19,0,367.14
417,62,Home & Garden Item 62,7,21.46,0.24,114.17
418,107,Electronics Item 107,6,261.71,0,1570.26
418,109,Electronics Item 109,6,183.52,0,1101.12
418,95,Food & Beverage Item 95,1,106.79,0.16,89.7
418,7,Books Item 7,9,415.27,0,3737.43
418,77,Toys Item 77,8,63.51,0,508.08
419,188,Sports Item 188,4,379.36,0,1517.44
419,20,Toys Item 20,8,292.96,0.19,1898.38
420,56,Toys Item 56,2,371.64,0,743.28
420,13,Home & Garden Item 13,7,319.07,0,2233.49
420,55,Health Item 55,7,100.93,0,706.51
421,25,Food & Beverage Item 25,9,72.28,0,650.52
422,171,Home & Garden Item 171,3,122.73,0,368.19
423,54,Food & Beverage Item 54,6,412.88,0,2477.28
423,9,Electronics Item 9,1,479.05,0.18,392.82
423,185,Home & Garden Item 185,8,142.48,0,1139.84
423,93,Electronics Item 93,6,97.17,0,583.02
423,6,Home & Garden Item 6,9,185.75,0,1671.75
424,137,Clothing Item 137,8,57.25,0.22,357.24
424,41,Sports Item 41,8,61.19,0,489.52
424,29,Books Item 29,3,283.55,0.25,637.99
424,160,Office Supplies Item 160,5,186.49,0.22,727.31
424,68,Sports Item 68,4,81.56,0,326.24
425,192,Home & Garden Item 192,6,432.87,0,2597.22
425,66,Food & Beverage Item 66,8,124.08,0,992.64
425,13,Home & Garden Item 13,7,319.07,0.1,2010.14
426,101,Clothing Item 101,8,480.08,0.14,3302.95
427,23,Home & Garden Item 23,1,14.22,0,14.22
427,121,Office Supplies Item 121,1,201.73,0,201.73
427,184,Health Item 184,8,399.59,0,3196.72
427,199,Automotive Item 199,3,249.58,0.2,598.99
428,56,Toys Item 56,6,371.64,0,2229.84
429,172,Toys Item 172,5,394.36,0,1971.8
430,26,Food & Beverage Item 26,4,472.68,0,1890.72
430,31,Toys Item 31,2,36.29,0,72.58
430,99,Sports Item 99,7,299.61,0,2097.27
430,148,Home & Garden Item 148,2,62.52,0,125.04
431,77,Toys Item 77,6,63.51,0,381.06
432,142,Sports Item 142,9,425.28,0,3827.52
433,184,Health Item 184,2,399.59,0,799.18
433,59,Books Item 59,6,405.41,0,2432.46
433,98,Home & Garden Item 98,4,474.24,0,1896.96
434,86,Home & Garden Item 86,8,196.16,0,1569.28
435,33,Home & Garden Item 33,6,29.84,0,179.04
435,2,Toys Item 2,5,193.58,0,967.9
435,79,Toys Item 79,4,418.38,0.1,1506.17
435,60,Toys Item 60,4,23.24,0,92.96
435,147,Health Item 147,6,387.6,0,2325.6
436,104,Electronics Item 104,9,381.81,0.1,3092.66
436,198,Home & Garden Item 198,5,405.35,0,2026.75
437,118,Food & Beverage Item 118,5,337.9,0.12,1486.76
437,58,Books Item 58,7,56.15,0,393.05
437,5,Home & Garden Item 5,9,148.36,0.12,1175.01
437,33,Home & Garden Item 33,9,29.84,0,268.56
437,74,Health Item 74,9,432.11,0,3888.99
438,107,Electronics Item 107,3,261.71,0,785.13
438,66,Food & Beverage Item 66,2,124.08,0.2,198.53
438,120,Electronics Item 120,6,123.67,0,742.02
439,154,Electronics Item 154,9,345.83,0,3112.47
440,72,Health Item 72,4,60.15,0.25,180.45
440,182,Books Item 182,8,26.23,0,209.84
441,68,Sports Item 68,7,81.56,0,570.92
441,175,Home & Garden Item 175,3,51.94,0,155.82
442,189,Food & Beverage Item 189,2,313.57,0.22,489.17
442,102,Home & Garden Item 102,3,225.48,0.16,568.21
443,72,Health Item 72,5,60.15,0.1,270.68
443,71,Toys Item 71,6,457.03,0,2742.18
443,89,Automotive Item 89,2,171.49,0,342.98
443,148,Home & Garden Item 148,5,62.52,0,312.6
444,103,Health Item 103,6,359.05,0,2154.3
444,27,Books Item 27,3,396.31,0.21,939.25
444,29,Books Item 29,4,283.55,0,1134.2
445,73,Health Item 73,5,183.38,0,916.9
445,43,Health Item 43,7,241.47,0,1690.29
445,185,Home & Garden Item 185,7,142.48,0,997.36
445,176,Toys Item 176,9,433.87,0,3904.83
445,134,Automotive Item 134,7,89.01,0,623.07
446,59,Books Item 59,8,405.41,0,3243.28
446,16,Books Item 16,3,203.01,0.07,566.4
446,173,Health Item 173,2,382.4,0,764.8
446,1,Food & Beverage Item 1,7,67.13,0,469.91
446,70,Home & Garden Item 70,3,130.6,0.2,313.44
447,140,Food & Beverage Item 140,3,345.84,0,1037.52
447,170,Sports Item 170,9,64.86,0,583.74
447,63,Automotive Item 63,1,440.27,0,440.27
447,86,Home & Garden Item 86,3,196.16,0,588.48
448,76,Home & Garden Item 76,4,257.8,0,1031.2
448,156,Home & Garden Item 156,4,403.93,0,1615.72
448,107,Electronics Item 107,5,261.71,0.2,1046.84
448,153,Sports Item 153,3,323.38,0.25,727.6
449,48,Food & Beverage Item 48,9,217.23,0,1955.07
449,95,Food & Beverage Item 95,1,106.79,0,106.79
450,95,Food & Beverage Item 95,4,106.79,0,427.16
450,96,Toys Item 96,6,99.8,0,598.8
450,78,Clothing Item 78,4,416.52,0.11,1482.81
451,67,Office Supplies Item 67,5,250.94,0,1254.7
451,99,Sports Item 99,2,299.61,0,599.22
451,37,Toys Item 37,3,20.16,0.05,57.46
451,189,Food & Beverage Item 189,4,313.57,0.24,953.25
452,141,Health Item 141,8,40.42,0,323.36
452,165,Home & Garden Item 165,1,458.74,0,458.74
452,140,Food & Beverage Item 140,4,345.84,0,1383.36
453,194,Office Supplies Item 194,3,269.71,0,809.13
453,105,Home & Garden Item 105,2,196.29,0,392.58
453,73,Health Item 73,4,183.38,0.06,689.51
453,77,Toys Item 77,1,63.51,0,63.51
453,97,Office Supplies Item 97,3,73.52,0,220.56
454,159,Automotive Item 159,5,21.17,0,105.85
455,136,Books Item 136,2,306.78,0,613.56
455,30,Clothing Item 30,4,234.24,0,936.96
455,101,Clothing Item 101,1,480.08,0,480.08
455,5,Home & Garden Item 5,3,148.36,0,445.08
456,125,Books Item 125,5,48.38,0,241.9
456,49,Office Supplies Item 49,2,295.57,0.1,532.03
456,20,Toys Item 20,9,292.96,0,2636.64
456,84,Sports Item 84,2,160.77,0,321.54
456,28,Toys Item 28,8,348.43,0,2787.44
457,170,Sports Item 170,1,64.86,0,64.86
457,161,Home & Garden Item 161,1,95.69,0,95.69
458,76,Home & Garden Item 76,9,257.8,0,2320.2
458,22,Toys Item 22,2,196.61,0.16,330.3
459,31,Toys Item 31,7,36.29,0,254.03
459,86,Home & Garden Item 86,5,196.16,0,980.8
459,44,Home & Garden Item 44,5,192.13,0.17,797.34
459,48,Food & Beverage Item 48,2,217.23,0,434.46
460,86,Home & Garden Item 86,2,196.16,0,392.32
460,71,Toys Item 71,6,457.03,0.16,2303.43
460,90,Home & Garden Item 90,5,430.3,0.09,1957.86
461,143,Office Supplies Item 143,1,181.2,0,181.2
462,72,Health Item 72,3,60.15,0.18,147.97
463,198,Home & Garden Item 198,7,405.35,0.24,2156.46
463,83,Toys Item 83,9,282.57,0.1,2288.82
463,184,Health Item 184,8,399.59,0,3196.72
464,123,Electronics Item 123,2,176.63,0,353.26
464,63,Automotive Item 63,1,440.27,0,440.27
464,25,Food & Beverage Item 25,6,72.28,0,433.68
465,185,Home & Garden Item 185,8,142.48,0,1139.84
465,179,Electronics Item 179,9,398.71,0,3588.39
466,112,Office Supplies Item 112,9,274.23,0,2468.07
466,39,Office Supplies Item 39,4,482.39,0.14,1659.42
466,183,Automotive Item 183,9,372.55,0.12,2950.6
466,105,Home & Garden Item 105,4,196.29,0,785.16
467,114,Health Item 114,1,266.8,0,266.8
467,133,Health Item 133,5,415.69,0.24,1579.62
467,32,Clothing Item 32,1,328.17,0.07,305.2
468,126,Food & Beverage Item 126,8,81.95,0.23,504.81
468,24,Sports Item 24,5,26.08,0,130.4
469,164,Books Item 164,2,100.96,0,201.92
470,10,Home & Garden Item 10,3,258.86,0.12,683.39
470,104,Electronics Item 104,7,381.81,0,2672.67
470,147,Health Item 147,4,387.6,0,1550.4
470,80,Books Item 80,6,403.97,0,2423.82
470,199,Automotive Item 199,1,249.58,0.09,227.12
471,180,Books Item 180,4,396.04,0,1584.16
471,200,Automotive Item 200,7,120.76,0,845.32
471,133,Health Item 133,3,415.69,0.07,1159.78
471,15,Sports Item 15,3,234.51,0,703.53
472,84,Sports Item 84,6,160.77,0,964.62
472,163,Electronics Item 163,3,264.47,0.19,642.66
473,93,Electronics Item 93,1,97.17,0.23,74.82
473,10,Home & Garden Item 10,9,258.86,0.07,2166.66
474,127,Electronics Item 127,6,207.73,0,1246.38
475,78,Clothing Item 78,7,416.52,0.19,2361.67
475,185,Home & Garden Item 185,4,142.48,0,569.92
475,18,Automotive Item 18,1,45.51,0,45.51
475,42,Sports Item 42,3,480.22,0,1440.66
476,88,Health Item 88,5,265.04,0,1325.2
476,121,Office Supplies Item 121,9,201.73,0,1815.57
476,153,Sports Item 153,2,323.38,0,646.76
476,9,Electronics Item 9,2,479.05,0,958.1
476,17,Automotive Item 17,2,143.85,0,287.7
477,144,Home & Garden Item 144,9,157.24,0,1415.16
477,75,Toys Item 75,6,323.96,0,1943.76
477,200,Automotive Item 200,7,120.76,0,845.32
477,6,Home & Garden Item 6,3,185.75,0.11,495.95
478,12,Clothing Item 12,3,165.3,0.09,451.27
478,172,Toys Item 172,5,394.36,0,1971.8
478,191,Food & Beverage Item 191,9,102.63,0,923.67
478,120,Electronics Item 120,9,123.67,0,1113.03
479,111,Electronics Item 111,1,383.74,0.18,314.67
480,25,Food & Beverage Item 25,9,72.28,0,650.52
480,126,Food & Beverage Item 126,6,81.95,0.19,398.28
480,46,Electronics Item 46,4,23.99,0,95.96
481,131,Home & Garden Item 131,2,75,0,150
481,125,Books Item 125,7,48.38,0.24,257.38
481,29,Books Item 29,5,283.55,0.06,1332.68
481,155,Toys Item 155,6,462.96,0.12,2444.43
481,127,Electronics Item 127,1,207.73,0,207.73
482,147,Health Item 147,1,387.6,0,387.6
482,188,Sports Item 188,9,379.36,0.17,2833.82
482,27,Books Item 27,1,396.31,0,396.31
482,55,Health Item 55,9,100.93,0,908.37
483,135,Automotive Item 135,6,413.78,0,2482.68
483,104,Electronics Item 104,6,381.81,0.22,1786.87
483,11,Sports Item 11,1,18.44,0,18.44
484,122,Food & Beverage Item 122,2,144.07,0,288.14
485,1,Food & Beverage Item 1,4,67.13,0,268.52
485,19,Clothing Item 19,4,109.56,0,438.24
486,75,Toys Item 75,5,323.96,0.16,1360.63
486,136,Books Item 136,7,306.78,0.15,1825.34
486,57,Food & Beverage Item 57,8,318.6,0,2548.8
486,92,Home & Garden Item 92,8,336.57,0,2692.56
487,130,Home & Garden Item 130,7,319.16,0,2234.12
487,84,Sports Item 84,7,160.77,0,1125.39
487,156,Home & Garden Item 156,3,403.93,0,1211.79
487,141,Health Item 141,3,40.42,0,121.26
487,92,Home & Garden Item 92,6,336.57,0,2019.42
488,6,Home & Garden Item 6,6,185.75,0,1114.5
488,187,Clothing Item 187,1,139.61,0,139.61
488,164,Books Item 164,7,100.96,0,706.72
489,9,Electronics Item 9,6,479.05,0,2874.3
489,197,Sports Item 197,5,32.65,0,163.25
490,113,Toys Item 113,4,452.88,0.07,1684.71
490,18,Automotive Item 18,6,45.51,0,273.06
490,183,Automotive Item 183,8,372.55,0,2980.4
491,149,Food & Beverage Item 149,1,362.16,0,362.16
491,193,Office Supplies Item 193,5,197.43,0,987.15
491,28,Toys Item 28,7,348.43,0.13,2121.94
491,101,Clothing Item 101,2,480.08,0,960.16
491,82,Office Supplies Item 82,3,440.55,0.09,1202.7
492,70,Home & Garden Item 70,3,130.6,0.24,297.77
492,100,Office Supplies Item 100,8,215.87,0.16,1450.65
493,175,Home & Garden Item 175,4,51.94,0,207.76
493,51,Health Item 51,3,85.4,0,256.2
493,50,Electronics Item 50,1,121.33,0,121.33
493,73,Health Item 73,5,183.38,0,916.9
493,41,Sports Item 41,1,61.19,0,61.19
494,61,Electronics Item 61,2,369.51,0,739.02
494,148,Home & Garden Item 148,1,62.52,0,62.52
495,164,Books Item 164,5,100.96,0.18,413.94
496,195,Electronics Item 195,9,498.45,0,4486.05
496,12,Clothing Item 12,9,165.3,0,1487.7
496,89,Automotive Item 89,7,171.49,0.19,972.35
497,166,Clothing Item 166,9,18.3,0,164.7
497,37,Toys Item 37,5,20.16,0.21,79.63
497,5,Home & Garden Item 5,9,148.36,0.13,1161.66
498,111,Electronics Item 111,2,383.74,0,767.48
499,155,Toys Item 155,7,462.96,0,3240.72
499,99,Sports Item 99,5,299.61,0,1498.05
499,103,Health Item 103,6,359.05,0,2154.3
500,9,Electronics Item 9,9,479.05,0.19,3492.27
500,84,Sports Item 84,7,160.77,0,1125.39
500,17,Automotive Item 17,9,143.85,0,1294.65
